Date,Prev Close,Open,High,Low,Last,Close,VWAP,Volume,Turnover,Trades,Deliverable Volume,%Deliverble
2014-08-14,2368.95,2381.0,2383.5,2350.1,2360.35,2362.5,2363.35,1580026,3.73415175175e+14,81621,665851,0.4214
2014-08-18,2362.5,2355.0,2429.25,2354.0,2422.1,2421.2,2398.08,1655621,3.97031092385e+14,118894,608136,0.3673
2014-08-19,2421.2,2434.2,2462.0,2429.35,2434.1,2442.25,2444.67,1594806,3.89878018e+14,64598,590618,0.3703
2014-08-20,2442.25,2445.0,2448.3,2408.5,2410.0,2414.75,2418.41,1606595,3.88540258715e+14,87763,739156,0.4601
2014-08-21,2414.75,2414.0,2476.9,2410.1,2471.0,2467.55,2454.92,2796397,6.8649438258e+14,113815,1224738,0.438
2014-08-22,2467.55,2479.75,2549.0,2479.75,2526.1,2524.7,2524.62,2647496,6.68392567595e+14,127077,997677,0.3768
2014-08-25,2524.7,2530.0,2577.4,2491.7,2508.0,2506.15,2552.13,2678413,6.8356606685e+14,86936,1221792,0.4562
2014-08-26,2506.15,2499.85,2509.0,2465.25,2509.0,2496.0,2483.79,1431218,3.5548494979e+14,99888,418473,0.2924
2014-08-27,2496.0,2510.05,2535.25,2474.0,2502.1,2505.0,2511.43,1420013,3.56626324855e+14,64928,423076,0.2979
2014-08-28,2505.0,2512.0,2523.75,2453.0,2461.5,2460.7,2478.56,1470048,3.6435995653e+14,58587,586326,0.3988
2014-09-01,2460.7,2477.0,2516.95,2472.9,2515.0,2504.35,2495.71,1519355,3.79187169155e+14,52080,711823,0.4685
2014-09-02,2504.35,2517.15,2534.0,2504.0,2518.9,2522.0,2521.8,1650808,4.16301518315e+14,64744,734724,0.4451
2014-09-03,2522.0,2522.85,2529.3,2493.4,2506.25,2505.0,2509.19,1571584,3.94340406065e+14,66684,614390,0.3909
2014-09-04,2505.0,2506.0,2509.0,2476.0,2488.0,2486.15,2487.17,1242886,3.09126944815e+14,52632,416634,0.3352
2014-09-05,2486.15,2491.0,2530.0,2486.1,2516.0,2515.75,2511.01,1691355,4.24700098825e+14,68304,688922,0.4073
2014-09-08,2515.75,2537.2,2572.0,2527.9,2568.0,2565.9,2547.81,1787508,4.5542278316e+14,59560,914171,0.5114
2014-09-09,2565.9,2567.0,2589.9,2552.0,2566.1,2567.35,2567.88,1297520,3.3318780494e+14,65159,445300,0.3432
2014-09-10,2567.35,2549.0,2562.9,2525.6,2558.0,2549.95,2540.22,1628977,4.137962693e+14,84738,930669,0.5713
2014-09-11,2549.95,2563.25,2608.9,2563.25,2606.1,2603.1,2588.44,1598132,4.13667167455e+14,77909,482830,0.3021
2014-09-12,2603.1,2605.0,2641.0,2587.5,2637.15,2630.4,2609.11,1637441,4.27225851725e+14,63528,563548,0.3442
2014-09-15,2630.4,2613.8,2643.9,2594.5,2620.5,2623.25,2622.16,1743754,4.57240031625e+14,71773,673971,0.3865
2014-09-16,2623.25,2629.0,2644.0,2550.0,2551.35,2563.1,2596.94,1568736,4.0739161588e+14,67441,456782,0.2912
2014-09-17,2563.1,2583.4,2588.05,2536.95,2562.1,2562.35,2562.37,1304495,3.34259577e+14,66100,516606,0.396
2014-09-18,2562.35,2554.0,2628.0,2544.0,2614.35,2620.4,2608.38,2012120,5.2483818755e+14,77782,902173,0.4484
2014-09-19,2620.4,2626.0,2631.9,2555.0,2564.0,2568.0,2594.7,1555851,4.036961623e+14,62521,575317,0.3698
2014-09-22,2568.0,2551.0,2625.0,2542.3,2594.0,2601.55,2584.64,1434698,3.7081768868e+14,62409,463645,0.3232
2014-09-23,2601.55,2609.9,2624.7,2549.15,2566.0,2556.2,2591.54,1937915,5.02218291105e+14,104272,867526,0.4477
2014-09-24,2556.2,2550.35,2573.2,2455.7,2476.0,2486.35,2526.22,2310629,5.8371628488e+14,102743,866426,0.375
2014-09-25,2486.35,2495.0,2499.9,2362.3,2388.05,2377.7,2416.14,2836908,6.85436950505e+14,104331,1163698,0.4102
2014-09-26,2377.7,2359.9,2460.1,2350.05,2457.4,2445.25,2398.65,2811845,6.7446194848e+14,108855,647154,0.2302
2014-09-29,2445.25,2451.0,2478.0,2426.0,2455.2,2449.7,2453.13,1384556,3.39650133035e+14,61351,370051,0.2673
2014-09-30,2449.7,2436.05,2476.0,2420.3,2444.0,2445.7,2451.75,1863218,4.56814390685e+14,72854,513277,0.2755
2014-10-01,2445.7,2445.0,2454.0,2412.2,2416.95,2423.35,2430.26,1054475,2.56264437245e+14,44571,210628,0.1997
2014-10-07,2423.35,2404.65,2423.45,2359.35,2367.6,2366.4,2390.32,1300244,3.10799766525e+14,65537,384134,0.2954
2014-10-08,2366.4,2346.05,2419.8,2346.05,2415.5,2411.25,2398.16,1358931,3.258932478e+14,62494,368412,0.2711
2014-10-09,2411.25,2426.0,2498.5,2426.0,2477.0,2479.55,2471.82,1727923,4.2711069957e+14,73566,534191,0.3092
2014-10-10,2479.55,2454.8,2493.2,2433.15,2454.4,2451.2,2458.68,1252522,3.0795508556e+14,59432,275898,0.2203
2014-10-13,2451.2,2437.0,2494.4,2431.2,2483.0,2485.45,2467.81,1392664,3.43683521045e+14,51867,291861,0.2096
2014-10-14,2485.45,2504.55,2544.0,2492.35,2535.6,2523.55,2523.82,1731597,4.37024721935e+14,84137,402907,0.2327
2014-10-16,2523.55,2500.25,2554.8,2452.4,2475.0,2466.4,2510.04,1907395,4.7876310344e+14,77887,630413,0.3305
2014-10-17,2466.4,2488.0,2534.95,2475.1,2526.25,2521.9,2509.89,1463300,3.6727158287e+14,62513,432088,0.2953
2014-10-20,2521.9,2577.0,2593.75,2552.75,2568.0,2569.45,2573.68,1882423,4.844749727e+14,76781,888115,0.4718
2014-10-21,2569.45,2580.0,2607.0,2569.6,2585.55,2584.15,2587.66,1502231,3.88725685175e+14,59119,528524,0.3518
2014-10-22,2584.15,2609.0,2613.6,2565.1,2576.8,2575.25,2583.45,1451117,3.7488823198e+14,68522,739714,0.5098
2014-10-23,2575.25,2591.4,2593.7,2574.0,2579.65,2578.55,2581.09,237621,6.1332138255e+13,16153,114056,0.48
2014-10-27,2578.55,2592.0,2619.9,2581.0,2597.8,2597.8,2602.69,1342958,3.4952986335e+14,82609,535910,0.3991
2014-10-28,2597.8,2608.0,2664.3,2606.0,2661.0,2656.75,2640.81,2296348,6.06422297825e+14,92792,1104794,0.4811
2014-10-29,2656.75,2677.0,2679.0,2631.0,2645.0,2643.75,2652.14,1737297,4.60756118745e+14,70730,771241,0.4439
2014-10-30,2643.75,2649.9,2653.05,2622.0,2643.9,2638.0,2637.36,1554427,4.09957913795e+14,63861,680099,0.4375
2014-10-31,2638.0,2652.0,2709.8,2646.0,2699.8,2702.8,2692.05,2077024,5.5914443137e+14,67435,864403,0.4162
2014-11-03,2702.8,2706.0,2743.5,2694.25,2722.0,2723.45,2725.33,1778064,4.84581628515e+14,53392,825586,0.4643
2014-11-05,2723.45,2733.0,2799.8,2724.05,2780.0,2781.9,2775.48,2660510,7.3841978403e+14,94619,1189500,0.4471
2014-11-07,2781.9,2775.0,2781.0,2730.0,2740.0,2742.5,2749.11,1816303,4.9932207982e+14,109428,852230,0.4692
2014-11-10,2742.5,2759.0,2769.0,2733.0,2739.2,2739.5,2746.86,1206889,3.31516007685e+14,47274,493872,0.4092
2014-11-11,2739.5,2747.9,2762.5,2705.0,2745.2,2740.35,2732.24,1740595,4.75573107205e+14,65532,613130,0.3523
2014-11-12,2740.35,2753.0,2771.5,2735.55,2742.6,2746.05,2756.66,1623323,4.47494565335e+14,58102,678366,0.4179
2014-11-13,2746.05,2756.1,2762.25,2695.0,2721.1,2719.3,2721.2,1685902,4.58768091145e+14,83481,612133,0.3631
2014-11-14,2719.3,2730.0,2806.9,2720.0,2784.8,2787.85,2772.05,5084669,1.40949545632e+15,218796,1261817,0.2482
2014-11-17,2787.85,2794.0,2951.3,2792.2,2942.0,2940.6,2892.18,4916412,1.42191367247e+15,184395,1824277,0.3711
2014-11-18,2940.6,2956.95,2979.0,2924.1,2940.7,2945.75,2956.04,3289839,9.72490314245e+14,117782,1201496,0.3652
2014-11-19,2945.75,2949.0,2968.0,2903.55,2913.2,2910.5,2934.84,2073593,6.0856565634e+14,103370,750213,0.3618
2014-11-20,2910.5,294.75,298.75,291.25,297.1,297.1,296.36,18099509,5.36391972945e+14,183671,6978221,0.3855
2014-11-21,297.1,299.9,307.0,297.25,305.5,305.5,303.92,21009207,6.385177996e+14,191411,8101321,0.3856
2014-11-24,305.5,307.8,309.85,306.05,308.0,308.85,308.18,18631463,5.7418986689e+14,183826,9473849,0.5085
2014-11-25,308.85,309.9,309.95,301.0,305.3,304.45,305.26,26776620,8.17395607255e+14,224296,14662454,0.5476
2014-11-26,304.45,304.9,308.75,303.6,306.7,306.25,306.38,11131807,3.41054851955e+14,94644,4816682,0.4327
2014-11-27,306.25,307.0,308.5,303.85,306.4,305.85,305.84,15378080,4.7031681454e+14,93793,8313485,0.5406
2014-11-28,305.85,308.4,322.5,308.0,322.3,321.4,318.6,27760604,8.84465073385e+14,199440,12629642,0.4549
2014-12-01,321.4,322.8,326.95,317.6,319.5,319.6,321.54,18449916,5.93233360535e+14,167654,8067261,0.4373
2014-12-02,319.6,318.9,322.8,311.55,318.45,318.7,318.05,23776383,7.56213321905e+14,193394,6450002,0.2713
2014-12-03,318.7,319.65,322.9,316.35,318.05,317.95,319.79,13699078,4.38086571585e+14,134276,5745538,0.4194
2014-12-04,317.95,319.85,321.0,314.05,319.9,320.3,318.15,13809486,4.39344717595e+14,112216,4361498,0.3158
2014-12-05,320.3,320.0,321.3,316.0,316.5,317.55,318.83,11391988,3.63207875715e+14,91179,4165504,0.3657
2014-12-08,317.55,318.6,318.6,312.3,313.0,312.9,314.52,9814223,3.08678832335e+14,115724,4283175,0.4364
2014-12-09,312.9,312.7,314.4,305.5,306.4,306.55,308.97,14926558,4.61185907705e+14,126498,6996985,0.4688
2014-12-10,306.55,303.5,317.2,303.3,316.8,315.95,311.73,15381613,4.79492822145e+14,152998,6486886,0.4217
2014-12-11,315.95,313.6,318.55,310.45,313.8,314.05,314.33,13151866,4.13398689805e+14,118987,3786526,0.2879
2014-12-12,314.05,313.65,316.9,309.0,312.05,311.35,312.84,11727933,3.66901098955e+14,108669,4396033,0.3748
2014-12-15,311.35,308.3,316.0,307.55,309.6,310.55,312.25,15117938,4.72055850835e+14,150237,7079490,0.4683
2014-12-16,310.55,308.1,311.0,293.0,294.9,295.6,301.1,20951938,6.30869201375e+14,211851,8079122,0.3856
2014-12-17,295.6,294.4,306.4,287.0,302.85,301.75,297.83,28290440,8.4258054523e+14,273555,9555900,0.3378
2014-12-18,301.75,310.8,312.6,304.5,307.0,307.1,308.43,18921827,5.8360476243e+14,175235,8562602,0.4525
2014-12-19,307.1,311.55,312.0,303.5,304.15,304.15,307.23,14130478,4.341351271e+14,128865,4695679,0.3323
2014-12-22,304.15,306.3,308.65,303.35,308.4,307.7,306.16,11565161,3.54083992105e+14,106653,5209008,0.4504
2014-12-23,307.7,307.6,312.5,306.25,306.5,307.2,309.38,12836868,3.9714154686e+14,119061,4147321,0.3231
2014-12-24,307.2,306.0,309.95,305.0,306.05,305.75,306.69,14866629,4.5594400567e+14,98442,5692054,0.3829
2014-12-26,305.75,306.85,309.8,306.05,307.95,307.65,307.84,7373519,2.26988165835e+14,67785,2305137,0.3126
2014-12-29,307.65,309.5,310.2,307.0,307.1,307.55,308.17,7699059,2.3726141511e+14,78041,3281505,0.4262
2014-12-30,307.55,308.2,310.75,306.0,310.65,309.75,308.42,8113742,2.5024263478e+14,69322,2459991,0.3032
2014-12-31,309.75,310.05,312.95,310.0,312.75,311.85,311.43,6305857,1.9638502358e+14,55077,2487025,0.3944
2015-01-01,311.85,312.45,315.0,310.7,314.0,314.0,313.67,6138488,1.9254888637e+14,58688,1877677,0.3059
2015-01-02,314.0,314.35,318.3,314.35,315.6,315.25,316.8,9935094,3.1473886299e+14,79553,4221685,0.4249
2015-01-05,315.25,316.25,316.8,312.1,312.8,312.75,313.84,9136716,2.867431675e+14,88236,3845173,0.4208
2015-01-06,312.75,310.0,311.1,298.7,299.9,299.9,305.14,15329257,4.67760129725e+14,169268,7424847,0.4844
2015-01-07,299.9,300.0,302.55,295.15,301.4,300.15,299.95,15046745,4.51324303375e+14,147185,5631400,0.3743
2015-01-08,300.15,305.0,306.5,302.35,305.25,304.85,304.55,8939749,2.7225926929e+14,85776,3656015,0.409
2015-01-09,304.85,306.7,307.85,302.0,303.0,303.2,304.45,11953948,3.63936137255e+14,86383,4412814,0.3692
2015-01-12,303.2,304.15,307.8,301.1,306.9,307.1,305.86,8536142,2.6109063546e+14,71620,3737137,0.4378
2015-01-13,307.1,308.15,310.75,304.15,305.25,305.1,308.22,9484804,2.9234055863e+14,94825,4149653,0.4375
2015-01-14,305.1,304.0,307.0,302.25,305.0,304.7,304.8,8855660,2.69916496335e+14,105452,3883613,0.4385
2015-01-15,304.7,319.9,323.7,314.0,318.4,320.3,318.25,30729523,9.779600928e+14,218045,16753491,0.5452
2015-01-16,320.3,320.0,320.3,313.1,315.25,315.45,315.4,21598514,6.81222490185e+14,162231,13954451,0.6461
2015-01-19,315.45,316.55,317.95,312.5,313.2,313.15,314.35,9975658,3.13587835325e+14,77913,5438078,0.5451
2015-01-20,313.15,314.0,319.8,314.0,318.0,318.15,317.62,13104643,4.1623105975e+14,102056,6645980,0.5071
2015-01-21,318.15,319.9,327.6,319.0,326.0,326.2,325.29,22617660,7.35724453445e+14,218767,10822432,0.4785
2015-01-22,326.2,326.9,327.6,321.8,325.2,324.65,324.02,12232626,3.9636508429e+14,134697,5893345,0.4818
2015-01-23,324.65,328.25,332.55,324.65,327.05,327.45,328.67,17127278,5.62929086505e+14,151074,9235565,0.5392
2015-01-27,327.45,329.4,332.15,322.6,331.45,330.05,326.41,13734088,4.482899863e+14,158444,7368707,0.5365
2015-01-28,330.05,330.4,336.0,328.2,333.4,334.6,333.04,19428852,6.4705293862e+14,169823,9448935,0.4863
2015-01-29,334.6,332.8,333.6,325.1,326.45,327.0,328.72,14911660,4.90182464005e+14,139604,7543218,0.5059
2015-01-30,327.0,328.7,330.5,307.0,309.3,308.95,313.26,30252827,9.47714982795e+14,283121,17419439,0.5758
2015-02-02,308.95,309.5,311.9,305.1,308.5,307.5,308.38,17639807,5.4397869641e+14,146146,8870079,0.5028
2015-02-03,307.5,312.0,312.0,299.05,299.65,300.3,303.85,23743882,7.21455803825e+14,227509,10222678,0.4305
2015-02-04,300.3,302.7,302.95,291.9,292.55,293.05,295.75,21477507,6.35198004825e+14,233412,10553495,0.4914
2015-02-05,293.05,293.15,297.8,289.2,290.5,290.8,294.15,15722348,4.62475521475e+14,156258,5387936,0.3427
2015-02-06,290.8,291.0,294.85,285.7,291.2,290.3,290.7,15985714,4.64712041605e+14,162287,4974505,0.3112
2015-02-09,290.3,289.5,292.8,278.0,279.5,279.5,284.58,17088719,4.8630940211e+14,199946,6843030,0.4004
2015-02-10,279.5,277.5,290.8,275.7,289.75,287.3,285.88,22589681,6.4578626024e+14,200547,7194444,0.3185
2015-02-11,287.3,290.8,293.5,283.7,286.2,285.95,288.06,17366588,5.00267654155e+14,157109,7591432,0.4371
2015-02-12,285.95,288.9,289.0,278.3,286.1,284.3,283.04,20957180,5.93174568445e+14,204691,8400050,0.4008
2015-02-13,284.3,288.0,307.95,285.35,307.7,306.95,299.2,70540056,2.11053436788e+15,489932,19490291,0.2763
2015-02-16,306.95,310.6,313.15,304.7,306.5,306.7,309.43,21372131,6.61326971595e+14,191827,6204808,0.2903
2015-02-18,306.7,306.8,307.9,302.0,305.65,305.7,305.59,13472484,4.11709211355e+14,132293,3727748,0.2767
2015-02-19,305.7,306.1,307.3,296.8,300.5,302.35,301.83,17762135,5.3611305669e+14,161674,5504560,0.3099
2015-02-20,302.35,301.9,306.5,297.05,302.2,302.3,303.14,15792502,4.7873752648e+14,139509,3510410,0.2223
2015-02-23,302.3,303.2,304.6,294.4,295.0,296.55,299.93,12440505,3.73131198235e+14,124068,4392317,0.3531
2015-02-24,296.55,296.9,299.0,292.1,296.3,296.25,295.76,15046698,4.45017522555e+14,160554,4348976,0.289
2015-02-25,296.25,299.0,300.65,295.0,295.45,295.55,298.07,12845169,3.8287282929e+14,140342,5097518,0.3968
2015-02-26,295.55,297.0,297.0,288.05,289.4,289.4,291.33,18707345,5.450096653e+14,208496,8879636,0.4747
2015-02-27,289.4,291.25,301.0,290.1,300.25,299.9,297.15,18316053,5.44258187555e+14,183942,7457834,0.4072
2015-02-28,299.9,304.95,306.4,295.1,302.0,301.65,301.95,25014393,7.5530740191e+14,190989,5352216,0.214
2015-03-02,301.65,305.9,305.9,296.7,301.6,302.0,300.97,15085595,4.5403677065e+14,146727,5217588,0.3459
2015-03-03,302.0,303.5,305.4,299.7,302.8,302.6,302.13,14387971,4.3470785805e+14,120759,4149915,0.2884
2015-03-04,302.6,314.0,315.0,292.0,292.75,293.85,303.18,38674148,1.17252944225e+15,279976,14512176,0.3752
2015-03-05,293.85,294.75,296.25,289.75,293.6,293.8,292.95,16803823,4.92264437525e+14,160590,5540536,0.3297
2015-03-09,293.8,292.0,294.0,288.7,290.35,290.65,291.21,13199803,3.84395359575e+14,134400,4658626,0.3529
2015-03-10,290.65,290.75,293.25,285.1,288.5,287.6,289.73,14064427,4.07492112655e+14,143101,4503648,0.3202
2015-03-11,287.6,288.55,290.9,283.75,285.45,285.15,286.56,16329314,4.6792610292e+14,153093,6858711,0.42
2015-03-12,285.15,288.15,289.45,286.1,286.7,286.85,287.42,9969794,2.8655097411e+14,125972,4144298,0.4157
2015-03-13,286.85,290.0,291.05,280.0,281.0,280.75,284.64,13414248,3.8182177182e+14,164812,5129356,0.3824
2015-03-16,280.75,281.5,283.85,280.0,282.1,281.65,281.97,15132928,4.2670012817e+14,124888,7323185,0.4839
2015-03-17,281.65,283.9,284.0,279.5,283.5,283.1,282.06,11350496,3.2015318312e+14,100856,4372430,0.3852
2015-03-18,283.1,284.1,288.45,282.0,286.7,287.3,286.11,12394230,3.54611743915e+14,131491,4841577,0.3906
2015-03-19,287.3,290.0,290.3,280.6,281.2,281.6,285.73,11046649,3.156325804e+14,98953,4170136,0.3775
2015-03-20,281.6,281.8,282.4,276.8,277.85,278.25,279.75,11482652,3.2122792332e+14,168613,5099942,0.4441
2015-03-23,278.25,279.4,280.0,273.55,274.6,274.75,276.74,13058026,3.61363021945e+14,157505,5928243,0.454
2015-03-24,274.75,273.8,276.4,269.0,271.2,270.55,271.93,17585259,4.781998391e+14,169767,7495355,0.4262
2015-03-25,270.55,271.9,272.1,265.0,265.3,265.4,267.77,15824629,4.23738961975e+14,134616,7891591,0.4987
2015-03-26,265.4,264.5,265.9,255.2,258.15,256.65,260.55,22253318,5.7981300886e+14,177427,10671645,0.4796
2015-03-27,256.65,259.85,264.95,256.0,264.2,263.6,260.53,19423101,5.06038175355e+14,156218,6714633,0.3457
2015-03-30,263.6,265.1,269.35,263.15,269.0,267.9,266.37,12303870,3.27744321685e+14,123307,5862438,0.4765
2015-03-31,267.9,268.9,271.35,266.0,266.2,267.05,268.59,19482636,5.2328413259e+14,151165,10037535,0.5152
2015-04-01,267.05,266.65,274.65,263.15,274.1,273.45,269.74,12383589,3.3402951556e+14,118370,4991985,0.4031
2015-04-06,273.45,275.45,275.75,271.2,274.1,274.65,273.69,12925445,3.53757406335e+14,109410,6602178,0.5108
2015-04-07,274.65,275.3,276.35,270.3,272.0,272.05,272.89,12933524,3.52942289385e+14,135557,4880414,0.3773
2015-04-08,272.05,271.9,277.35,271.85,273.45,273.9,274.1,9913899,2.71740507405e+14,94381,3715372,0.3748
2015-04-09,273.9,275.0,281.8,272.5,281.0,280.85,277.45,13471276,3.7375389363e+14,129524,4404146,0.3269
2015-04-10,280.85,281.0,287.35,280.05,285.85,285.75,284.99,16880558,4.81073871015e+14,144919,8804477,0.5216
2015-04-13,285.75,287.8,288.5,283.35,285.5,286.3,285.79,11985436,3.42530180405e+14,108287,5525985,0.4611
2015-04-15,286.3,287.4,294.45,285.95,290.0,290.0,290.52,17289500,5.02286332645e+14,135175,10209503,0.5905
2015-04-16,290.0,290.25,294.25,286.5,291.85,292.4,290.52,15043998,4.3705676975e+14,110312,7669082,0.5098
2015-04-17,292.4,291.0,294.9,289.2,292.5,291.75,292.12,16819018,4.91318755215e+14,139387,9368199,0.557
2015-04-20,291.75,291.0,293.35,284.85,287.65,287.65,289.82,13788536,3.99622724175e+14,99364,6538712,0.4742
2015-04-21,287.65,287.4,292.0,281.75,289.2,289.2,287.32,15487948,4.44999145525e+14,120134,6819087,0.4403
2015-04-22,289.2,290.55,293.25,275.4,283.85,283.85,284.17,17741741,5.04165537685e+14,129567,6897679,0.3888
2015-04-23,283.85,285.0,287.4,276.25,277.6,277.65,280.46,13874710,3.89129753945e+14,119054,4092008,0.2949
2015-04-24,277.65,278.35,279.6,274.35,276.4,275.55,276.58,10049508,2.77948297255e+14,101030,3843102,0.3824
2015-04-27,275.55,276.55,276.55,266.1,267.1,267.05,269.28,12394191,3.33753051635e+14,115732,6089545,0.4913
2015-04-28,267.05,267.0,273.5,265.15,272.45,272.5,269.63,12693457,3.42248753355e+14,114365,5204537,0.41
2015-04-29,272.5,272.25,273.4,269.55,271.95,271.9,271.58,8217676,2.23176997825e+14,80692,3268443,0.3977
2015-04-30,271.9,270.1,273.45,266.7,269.7,269.75,270.43,21635216,5.8508844584e+14,124844,13503285,0.6241
2015-05-04,269.75,274.0,278.0,271.65,277.6,277.15,274.64,8012690,2.20060667015e+14,83806,2884415,0.36
2015-05-05,277.15,277.0,277.0,271.35,272.5,272.05,273.71,7102772,1.9440902779e+14,69508,2986205,0.4204
2015-05-06,272.05,271.45,273.6,263.25,265.9,265.4,266.22,16335660,4.34887043765e+14,121003,7986014,0.4889
2015-05-07,265.4,264.0,267.25,259.65,261.0,260.95,263.09,15962706,4.1995608575e+14,124184,6948574,0.4353
2015-05-08,260.95,264.0,268.0,260.3,262.4,261.95,264.33,14044596,3.71242887705e+14,111263,5783395,0.4118
2015-05-11,261.95,263.4,277.2,262.6,275.5,276.05,272.4,17198308,4.68480838505e+14,141017,5864911,0.341
2015-05-12,276.05,275.3,275.4,266.35,267.55,267.4,269.51,12792368,3.4476811702e+14,103059,5950523,0.4652
2015-05-13,267.4,269.9,275.0,268.05,274.4,274.3,272.22,9245732,2.5168667198e+14,83160,2519236,0.2725
2015-05-14,274.3,274.0,281.9,272.95,281.5,280.95,277.93,13101418,3.64123471195e+14,112878,4432599,0.3383
2015-05-15,280.95,282.0,288.35,282.0,287.0,287.45,286.14,18247889,5.22141443965e+14,141324,9822825,0.5383
2015-05-18,287.45,289.9,290.0,285.4,289.65,289.75,288.06,13266119,3.82138607135e+14,119821,6966214,0.5251
2015-05-19,289.75,289.2,291.35,286.2,288.0,288.45,288.97,14541041,4.201900498e+14,98858,7541029,0.5186
2015-05-20,288.45,289.5,294.8,289.25,292.3,292.6,292.81,11807544,3.4573646455e+14,101134,4909279,0.4158
2015-05-21,292.6,294.0,294.75,288.45,291.5,290.25,290.62,12118415,3.52184394765e+14,120083,5299090,0.4373
2015-05-22,290.25,293.0,305.0,280.75,281.9,282.45,294.15,69490117,2.04401888618e+15,554871,14996458,0.2158
2015-05-25,282.45,280.2,284.3,276.15,277.2,277.65,280.1,20356833,5.70204766645e+14,185745,6409730,0.3149
2015-05-26,277.65,279.0,280.8,276.0,277.6,277.15,278.15,9675703,2.69129943995e+14,102163,2738446,0.283
2015-05-27,277.15,277.0,281.6,274.2,281.2,280.75,278.78,12176680,3.39456215275e+14,105485,4844746,0.3979
2015-05-28,280.75,279.8,279.8,276.1,278.3,277.6,277.89,13024987,3.61947002405e+14,92415,6376048,0.4895
2015-05-29,277.6,278.65,281.65,277.1,278.6,278.15,278.99,14809918,4.1318905239e+14,102642,8030292,0.5422
2015-06-01,278.15,278.65,282.0,277.55,278.2,278.2,279.63,11567692,3.23468682965e+14,103433,5711324,0.4937
2015-06-02,278.2,278.8,279.45,265.35,266.5,266.25,271.93,21653784,5.8884061918e+14,205264,7275006,0.336
2015-06-03,266.25,267.0,267.3,255.05,258.25,257.4,259.44,25967877,6.73718209175e+14,242044,13002088,0.5007
2015-06-04,257.4,259.9,261.4,253.75,257.7,257.6,257.36,20210546,5.20137392545e+14,151143,8787871,0.4348
2015-06-05,257.6,257.0,262.0,255.6,257.4,257.8,259.24,13539638,3.50996161215e+14,124006,4314959,0.3187
2015-06-08,257.8,258.75,258.75,252.55,254.85,254.95,254.73,17384700,4.4283638047e+14,113334,9921362,0.5707
2015-06-09,254.95,255.0,258.3,254.0,258.0,257.6,256.02,15275972,3.91102155615e+14,117016,7188867,0.4706
2015-06-10,257.6,259.0,262.55,258.5,260.65,260.6,260.97,10910978,2.8474348578e+14,88519,4351167,0.3988
2015-06-11,260.6,262.25,262.95,252.65,254.1,254.0,255.89,20857622,5.3371665769e+14,139105,10202245,0.4891
2015-06-12,254.0,254.05,255.5,251.8,254.45,253.95,253.75,11440479,2.9030407345e+14,89672,4605208,0.4025
2015-06-15,253.95,255.0,255.6,248.85,249.65,250.25,251.45,13545280,3.40597517145e+14,113461,5502753,0.4062
2015-06-16,250.25,250.25,255.75,249.0,255.35,254.6,252.01,9896598,2.4940083476e+14,105299,3596184,0.3634
2015-06-17,254.6,256.0,256.9,253.5,255.35,255.1,255.43,11241061,2.8712999818e+14,92549,5161551,0.4592
2015-06-18,255.1,256.45,260.7,255.2,258.15,258.1,258.18,11598549,2.9945006012e+14,87436,4891999,0.4218
2015-06-19,258.1,259.9,263.1,258.15,260.3,260.15,260.38,12216399,3.18095254525e+14,97113,5205883,0.4261
2015-06-22,260.15,260.9,267.4,260.8,266.5,266.0,264.95,11051382,2.9280515332e+14,115204,3468787,0.3139
2015-06-23,266.0,269.4,271.2,266.25,267.3,267.75,268.64,16180083,4.3465651775e+14,120863,7106508,0.4392
2015-06-24,267.75,267.7,267.9,260.5,261.2,262.35,265.18,8361760,2.21736461075e+14,75339,2655222,0.3175
2015-06-25,262.35,261.25,266.0,259.05,265.0,264.8,263.6,16506503,4.35103936035e+14,100903,8298462,0.5027
2015-06-26,264.8,264.1,266.9,261.05,265.4,265.2,263.71,14588452,3.84710612225e+14,98899,8497919,0.5825
2015-06-29,265.2,258.75,260.8,255.0,260.3,259.65,257.54,15040805,3.87365042725e+14,105813,7262781,0.4829
2015-06-30,259.65,259.25,263.35,257.6,263.0,262.75,261.01,14181965,3.7016959931e+14,85628,6736393,0.475
2015-07-01,262.75,263.1,269.5,262.55,267.6,267.75,266.63,12072024,3.21879251335e+14,91610,3342760,0.2769
2015-07-02,267.75,267.9,271.25,266.1,268.1,267.85,268.59,8741783,2.3479189334e+14,84937,2653914,0.3036
2015-07-03,267.85,267.35,270.0,266.8,269.45,269.4,268.55,7238541,1.94389758735e+14,59501,2101416,0.2903
2015-07-06,269.4,263.2,271.5,262.0,271.45,270.8,266.67,9458200,2.52221269345e+14,75916,2406764,0.2545
2015-07-07,270.8,270.4,274.65,270.0,273.8,272.9,272.6,12523410,3.4138436403e+14,106296,6386313,0.5099
2015-07-08,272.9,269.9,271.0,265.6,266.7,267.35,268.16,12669850,3.3975787057e+14,85347,4992880,0.3941
2015-07-09,267.35,267.0,271.3,267.0,268.0,267.75,269.06,6469504,1.7406865849e+14,57699,1536301,0.2375
2015-07-10,267.75,270.25,271.0,266.25,270.45,270.55,269.42,8788162,2.3677486825e+14,77565,2731650,0.3108
2015-07-13,270.55,272.0,274.35,267.9,273.5,273.7,271.57,8423083,2.2874706045e+14,80546,2023632,0.2402
2015-07-14,273.7,273.6,273.6,267.15,268.05,268.2,270.43,10337307,2.7955414816e+14,93984,4931598,0.4771
2015-07-15,268.2,268.75,271.7,267.15,268.6,268.05,269.25,7483918,2.01503709965e+14,59970,2971179,0.397
2015-07-16,268.05,269.75,272.75,268.1,272.4,272.2,270.46,8354120,2.25943344575e+14,59028,3063941,0.3668
2015-07-17,272.2,272.4,274.0,270.5,271.65,271.1,271.97,5571891,1.5153661745e+14,49465,1807521,0.3244
2015-07-20,271.1,272.0,272.0,266.15,267.1,267.45,267.96,6418930,1.7200179744e+14,53325,2280831,0.3553
2015-07-21,267.45,267.0,269.8,263.5,264.5,264.3,266.69,5638653,1.50376931985e+14,50543,1795517,0.3184
2015-07-22,264.3,263.7,269.4,261.9,268.75,268.55,265.52,11322177,3.0063085266e+14,83774,6315769,0.5578
2015-07-23,268.55,268.5,272.0,267.25,270.05,270.05,269.58,6376216,1.718918465e+14,57972,2188031,0.3432
2015-07-24,270.05,268.7,270.35,262.1,263.7,263.25,266.35,7796401,2.07655937505e+14,68514,3444682,0.4418
2015-07-27,263.25,263.2,263.4,258.05,258.5,258.45,260.09,6788558,1.76562623495e+14,71666,2797401,0.4121
2015-07-28,258.45,260.25,263.9,258.35,259.25,259.2,260.41,10788886,2.8095182046e+14,102534,5620110,0.5209
2015-07-29,259.2,260.0,260.7,252.3,253.65,253.6,255.59,9997136,2.55515041105e+14,91282,4226586,0.4228
2015-07-30,253.6,253.6,259.5,253.6,257.85,256.8,256.92,10536937,2.7071249114e+14,68531,4203708,0.3989
2015-07-31,256.8,258.0,273.75,257.55,269.3,270.05,268.01,20534806,5.5035872128e+14,162026,8361235,0.4072
2015-08-03,270.05,270.0,283.0,269.9,281.25,281.05,279.67,21901780,6.12537286425e+14,171677,8746287,0.3993
2015-08-04,281.05,282.5,289.95,276.4,289.0,288.6,284.26,28858887,8.2035136824e+14,202238,10818026,0.3749
2015-08-05,288.6,289.1,291.8,284.25,284.95,285.4,287.86,10169558,2.92743965545e+14,91399,2960655,0.2911
2015-08-06,285.4,285.6,290.8,282.0,290.0,289.05,286.91,15372143,4.41046871065e+14,113784,7685472,0.5
2015-08-07,289.05,288.5,288.5,280.2,281.95,281.3,283.86,13845614,3.93024397865e+14,134570,7110364,0.5135
2015-08-10,281.3,282.05,286.0,280.1,282.5,282.75,283.7,14694901,4.1689912918e+14,96782,7583766,0.5161
2015-08-11,282.75,285.8,289.45,267.5,267.9,268.8,277.32,39233644,1.08802001675e+15,321749,10588643,0.2699
2015-08-12,268.8,267.45,267.45,255.05,256.15,256.35,260.92,29724325,7.75574656435e+14,207677,16110536,0.542
2015-08-13,256.35,259.75,262.85,258.15,260.4,259.3,260.31,16360033,4.25862759e+14,132908,7260471,0.4438
2015-08-14,259.3,261.9,269.4,259.25,268.5,268.5,265.01,14852873,3.9361275704e+14,126941,4129121,0.278
2015-08-17,268.5,272.0,281.9,270.8,279.2,279.75,277.74,27500063,7.63783223115e+14,224897,10819359,0.3934
2015-08-18,279.75,280.8,288.0,275.55,284.75,284.8,283.46,27728824,7.8599170773e+14,223393,11748890,0.4237
2015-08-19,284.8,283.9,285.95,275.55,278.4,278.0,280.6,15452575,4.3359928558e+14,149258,5449022,0.3526
2015-08-20,278.0,277.65,281.65,268.0,270.0,270.55,274.01,14577599,3.9943704932e+14,118110,4672039,0.3205
2015-08-21,270.55,261.5,268.9,256.2,267.05,267.5,263.0,19030056,5.00496552805e+14,161875,7052850,0.3706
2015-08-24,267.5,254.7,257.7,242.4,243.9,245.4,252.16,29561705,7.45413758835e+14,247643,12870857,0.4354
2015-08-25,245.4,250.0,254.8,240.0,254.2,253.35,249.3,23492839,5.856737558e+14,202892,7841098,0.3338
2015-08-26,253.35,252.5,253.3,245.0,245.75,245.7,248.55,16325529,4.05767799225e+14,152198,5954197,0.3647
2015-08-27,245.7,251.15,252.0,248.1,249.15,249.45,249.86,21076926,5.26634428055e+14,127816,11360023,0.539
2015-08-28,249.45,254.5,255.9,247.45,248.5,248.95,252.08,16644381,4.1957887263e+14,138473,5812100,0.3492
2015-08-31,248.95,249.0,251.35,245.0,247.0,247.35,248.07,21645114,5.3694516444e+14,138355,8027845,0.3709
2015-09-01,247.35,244.85,244.85,237.7,239.3,239.1,240.53,19689080,4.73577488485e+14,171521,7453161,0.3785
2015-09-02,239.1,242.65,243.0,230.1,230.35,230.55,234.21,23655457,5.5403172187e+14,202382,7928836,0.3352
2015-09-03,230.55,232.65,235.4,231.0,231.85,232.25,232.94,14680299,3.41969079445e+14,123875,4207804,0.2866
2015-09-04,232.25,231.9,231.9,224.0,225.0,225.15,226.12,20466346,4.6278191937e+14,180922,7271427,0.3553
2015-09-07,225.15,227.1,227.5,220.15,221.1,221.1,224.11,15424783,3.45691729285e+14,170823,4118372,0.267
2015-09-08,221.1,223.0,230.25,221.15,228.05,228.35,226.27,16189253,3.66317808935e+14,149759,3908614,0.2414
2015-09-09,228.35,233.95,234.5,229.1,231.2,231.65,232.22,18237115,4.23506110305e+14,121876,6695090,0.3671
2015-09-10,231.65,227.35,229.8,224.1,229.6,227.45,226.04,14195882,3.2088743697e+14,117419,4234502,0.2983
2015-09-11,227.45,230.9,233.3,228.0,230.5,230.1,230.8,13650937,3.1505739221e+14,105226,3744398,0.2743
2015-09-14,230.1,231.55,236.0,230.0,235.3,235.25,233.36,10671222,2.49021016825e+14,84874,3029759,0.2839
2015-09-15,235.25,235.2,238.45,232.65,232.9,234.0,235.23,13193410,3.10344786985e+14,112433,3992450,0.3026
2015-09-16,234.0,236.4,237.75,235.0,236.85,236.8,236.38,11272509,2.6645995508e+14,70760,4297330,0.3812
2015-09-18,236.8,240.0,246.45,239.5,240.7,242.0,243.58,16049395,3.9092753879e+14,132524,4918010,0.3064
2015-09-21,242.0,239.55,246.0,237.25,245.75,245.25,242.6,9602436,2.3295340177e+14,84490,1672108,0.1741
2015-09-22,245.25,247.95,248.45,236.25,237.6,237.95,242.99,13667322,3.32105505595e+14,110945,4297437,0.3144
2015-09-23,237.95,235.0,241.9,233.6,240.35,239.85,238.33,13614082,3.2446388649e+14,102490,3671583,0.2697
2015-09-24,239.85,239.45,241.45,238.05,239.45,239.05,239.63,9299508,2.22843467865e+14,72488,2420938,0.2603
2015-09-28,239.05,241.0,243.65,238.65,240.9,239.45,241.43,8588230,2.07348201885e+14,70451,1825740,0.2126
2015-09-29,239.45,236.0,245.4,232.2,241.6,241.9,240.62,24488685,5.8923908949e+14,173990,5403503,0.2207
2015-09-30,241.9,244.85,245.4,235.7,237.95,237.15,239.27,17011911,4.07051457655e+14,129082,5875189,0.3454
2015-10-01,237.15,241.2,241.9,234.4,235.5,235.15,237.28,11590498,2.750146367e+14,79332,3360918,0.29
2015-10-05,235.15,238.1,241.35,237.25,241.2,240.0,239.63,18307463,4.3870857318e+14,76607,10157446,0.5548
2015-10-06,240.0,242.7,242.8,237.7,239.95,240.1,240.17,10087077,2.4225657108e+14,73164,2893203,0.2868
2015-10-07,240.1,240.15,244.25,239.05,243.65,243.55,242.42,10608795,2.57181332585e+14,78909,2611552,0.2462
2015-10-08,243.55,242.45,245.2,241.1,243.5,243.3,243.17,9230511,2.24460651755e+14,76269,2343586,0.2539
2015-10-09,243.3,245.5,247.8,240.65,242.9,243.45,244.94,12171416,2.98131988285e+14,105441,4413072,0.3626
2015-10-12,243.45,244.1,245.65,241.3,244.15,244.55,244.27,7566962,1.84834547665e+14,57702,2819307,0.3726
2015-10-13,244.55,244.0,247.5,242.05,243.9,243.8,244.56,10200698,2.49471184015e+14,73013,4105359,0.4025
2015-10-14,243.8,243.7,246.8,243.2,245.0,244.25,244.82,7895820,1.93305577415e+14,55278,3212893,0.4069
2015-10-15,244.25,246.0,249.9,245.5,249.05,248.95,248.42,11582401,2.8772443221e+14,86325,3894772,0.3363
2015-10-16,248.95,249.85,257.15,248.35,256.8,254.85,251.84,11738832,2.95632478125e+14,84407,3725598,0.3174
2015-10-19,254.85,256.65,257.1,253.5,254.05,254.5,255.14,8969153,2.2883753159e+14,60162,3568861,0.3979
2015-10-20,254.5,254.5,257.1,253.2,254.8,254.85,255.05,8811740,2.24739199115e+14,58553,3517593,0.3992
2015-10-21,254.85,254.0,255.9,248.55,249.4,249.8,251.41,8606466,2.1637202876e+14,58318,2410439,0.2801
2015-10-23,249.8,253.0,254.85,252.0,253.15,253.4,253.43,7544810,1.9120972271e+14,77411,2907459,0.3854
2015-10-26,253.4,254.75,256.0,250.35,251.4,251.25,253.24,13085058,3.31362232395e+14,82870,5753097,0.4397
2015-10-27,251.25,250.1,252.2,248.1,248.4,248.8,250.09,6565348,1.6419119118e+14,59563,2711105,0.4129
2015-10-28,248.8,248.0,249.45,241.2,241.7,242.05,243.96,12310403,3.00322412255e+14,92805,5871480,0.477
2015-10-29,242.05,241.5,241.8,236.45,237.0,236.95,238.58,16114932,3.8446939012e+14,92417,7947307,0.4932
2015-10-30,236.95,238.7,240.4,235.1,237.25,237.05,237.93,8669606,2.0627746928e+14,74888,3122553,0.3602
2015-11-02,237.05,238.0,238.0,232.7,237.45,236.9,235.49,7611610,1.7924593543e+14,72432,1800392,0.2365
2015-11-03,236.9,239.35,239.7,235.0,236.55,235.95,237.25,8323201,1.9746970112e+14,70852,2819673,0.3388
2015-11-04,235.95,239.2,240.5,237.0,238.85,239.0,238.81,8418352,2.01038700565e+14,54933,3210999,0.3814
2015-11-05,239.0,238.0,239.0,233.1,234.0,233.9,236.12,8906564,2.1030321967e+14,78782,2876222,0.3229
2015-11-06,233.9,235.6,244.8,233.0,243.9,243.0,241.02,30821077,7.4285822857e+14,205921,5847777,0.1897
2015-11-09,243.0,236.0,248.3,235.6,245.65,246.1,244.83,22806485,5.5838063519e+14,169076,8669018,0.3801
2015-11-10,246.1,244.9,247.25,240.1,241.3,241.2,243.15,11767845,2.8613542105e+14,81141,2845909,0.2418
2015-11-11,241.2,243.0,244.25,242.55,243.2,243.15,243.28,2061681,5.015678384e+13,24738,830764,0.403
2015-11-13,243.15,241.5,241.8,237.7,240.3,240.25,239.92,9082062,2.17893715115e+14,68168,2716416,0.2991
2015-11-16,240.25,239.5,249.35,239.1,249.0,248.3,245.34,14051479,3.44734731585e+14,99089,4847882,0.345
2015-11-17,248.3,250.0,251.65,246.7,247.6,247.85,248.93,11273394,2.8063060585e+14,82525,2733402,0.2425
2015-11-18,247.85,247.6,248.7,239.45,240.45,241.0,243.75,10397889,2.5345117219e+14,77659,2986573,0.2872
2015-11-19,241.0,243.05,245.0,241.4,244.25,243.9,243.54,7325199,1.7839781771e+14,51700,1940649,0.2649
2015-11-20,243.9,243.95,249.9,242.0,243.0,242.95,245.51,13718619,3.3680193181e+14,80095,4016945,0.2928
2015-11-23,242.95,243.9,245.25,240.55,242.6,242.7,243.15,10552151,2.5658047069e+14,65107,3008834,0.2851
2015-11-24,242.7,242.5,244.0,240.6,241.6,241.4,242.47,6651669,1.6128339307e+14,52769,1758561,0.2644
2015-11-26,241.4,241.95,244.9,241.0,243.5,242.5,243.1,13629888,3.3134019052e+14,74502,6389328,0.4688
2015-11-27,242.5,243.0,250.5,242.8,249.6,249.7,247.42,15149912,3.74835178705e+14,95949,5447738,0.3596
2015-11-30,249.7,249.65,253.0,245.0,248.65,250.2,250.91,12865469,3.2281276226e+14,107373,6136099,0.4769
2015-12-01,250.2,250.85,251.9,249.3,249.95,250.2,250.54,9501537,2.3805159944e+14,74258,2532816,0.2666
2015-12-02,250.2,250.55,250.65,243.75,244.55,244.6,245.93,10881754,2.67615587515e+14,85982,3835915,0.3525
2015-12-03,244.6,244.15,244.5,240.4,241.5,241.1,242.52,7155630,1.73538891915e+14,53130,2004524,0.2801
2015-12-04,241.1,240.0,242.15,238.05,241.75,241.1,240.27,11115170,2.67061150855e+14,81492,4650194,0.4184
2015-12-07,241.1,242.95,242.95,238.0,238.9,238.65,239.77,7531729,1.8058611425e+14,65807,2924376,0.3883
2015-12-08,238.65,238.1,239.95,235.3,235.4,235.95,237.46,8254434,1.9601169732e+14,65633,3060162,0.3707
2015-12-09,235.95,235.4,238.2,233.6,235.0,234.4,235.8,7408777,1.7469900599e+14,60770,2281810,0.308
2015-12-10,234.4,236.0,236.75,230.6,232.0,231.95,232.64,11713559,2.72508494345e+14,110656,4727421,0.4036
2015-12-11,231.95,232.9,233.9,225.1,227.2,227.3,228.87,12872949,2.9462941353e+14,107212,3731130,0.2898
2015-12-14,227.3,224.9,227.7,224.0,225.6,225.95,225.97,12464883,2.8166467319e+14,196552,4760215,0.3819
2015-12-15,225.95,227.0,227.15,224.0,226.0,226.4,225.5,10404430,2.34622392485e+14,88956,4049571,0.3892
2015-12-16,226.4,227.75,229.6,225.25,227.2,227.3,227.63,13030720,2.96614965135e+14,90557,5255900,0.4033
2015-12-17,227.3,230.0,232.4,228.5,231.0,230.9,230.7,14539096,3.3541407282e+14,111133,5819355,0.4003
2015-12-18,230.9,229.95,232.35,225.8,226.25,226.5,228.89,18871084,4.3194456329e+14,133177,10090333,0.5347
2015-12-21,226.5,226.9,231.0,226.5,230.5,230.45,229.56,9557098,2.19392956925e+14,82470,3058303,0.32
2015-12-22,230.45,231.65,232.25,227.5,228.65,228.35,230.09,9155574,2.1066478016e+14,69702,3457655,0.3777
2015-12-23,228.35,230.25,231.0,228.9,229.75,229.65,230.1,7914311,1.8210918262e+14,55788,3057822,0.3864
2015-12-24,229.65,230.85,231.0,227.6,228.5,228.3,228.67,7257958,1.6596989623e+14,47333,2670535,0.3679
2015-12-28,228.3,229.05,229.95,228.0,228.6,228.9,228.99,8756879,2.00522247025e+14,60826,4081164,0.4661
2015-12-29,228.9,228.85,229.95,227.5,228.4,228.2,228.69,7263286,1.66101295575e+14,88491,3245714,0.4469
2015-12-30,228.2,229.0,229.7,224.85,225.95,225.8,226.98,11702877,2.65628770825e+14,78824,5267755,0.4501
2015-12-31,225.8,225.95,226.55,224.0,224.75,224.45,224.86,11558305,2.59904149285e+14,70055,5703494,0.4935
2016-01-01,224.45,225.0,228.9,224.5,227.75,227.8,226.94,6449426,1.46360067245e+14,49529,1376633,0.2135
2016-01-04,227.8,226.95,226.95,220.05,221.1,220.7,222.8,14092071,3.1397442222e+14,113875,5337291,0.3787
2016-01-05,220.7,222.8,222.8,217.0,217.75,217.75,219.46,15074848,3.308362092e+14,137290,6241116,0.414
2016-01-06,217.75,217.9,219.9,216.4,217.0,216.85,218.0,11921123,2.5988515298e+14,96992,3750530,0.3146
2016-01-07,216.85,214.0,214.1,209.0,209.75,209.55,210.81,14342279,3.0234883977e+14,131516,5943545,0.4144
2016-01-08,209.55,212.0,212.5,208.6,208.9,208.95,209.9,11745840,2.4654455384e+14,93167,5271984,0.4488
2016-01-11,208.95,206.8,207.5,202.65,204.95,204.3,204.7,19287860,3.9482187398e+14,127131,8279250,0.4292
2016-01-12,204.3,204.85,205.0,198.6,199.6,199.4,201.27,20318816,4.08963951815e+14,160629,7870525,0.3874
2016-01-13,199.4,201.35,202.4,194.0,201.2,200.9,199.04,23788247,4.73478447585e+14,162555,8480922,0.3565
2016-01-14,200.9,197.0,201.5,194.3,195.85,196.05,197.76,20256636,4.00599193995e+14,148958,6902124,0.3407
2016-01-15,196.05,197.8,197.8,181.0,183.3,184.3,189.55,29090426,5.514120621e+14,207300,11842577,0.4071
2016-01-18,184.3,184.9,188.15,179.15,180.85,181.0,183.5,35653244,6.5422615978e+14,218962,12666569,0.3553
2016-01-19,181.0,182.15,187.8,181.5,183.5,182.95,184.33,24501774,4.51633989275e+14,153915,8985848,0.3667
2016-01-20,182.95,180.65,180.65,171.5,173.55,173.65,175.17,28655794,5.0194936685e+14,247132,9898232,0.3454
2016-01-21,173.65,177.0,178.65,172.05,176.2,175.6,175.34,28697205,5.0318625635e+14,218633,9727017,0.339
2016-01-22,175.6,179.9,185.4,178.3,184.65,184.6,182.62,21432409,3.9139152702e+14,141051,6171382,0.2879
2016-01-25,184.6,187.9,188.8,182.5,182.8,182.95,185.41,17534650,3.25108048195e+14,120763,7394303,0.4217
2016-01-27,182.95,184.4,186.2,181.05,184.0,184.4,184.03,16569813,3.0493995824e+14,116934,5078517,0.3065
2016-01-28,184.4,184.2,185.9,182.5,185.75,185.25,184.54,20241030,3.7353352109e+14,84669,8805278,0.435
2016-01-29,185.25,184.2,185.75,178.1,179.55,179.9,180.55,24259147,4.38007121845e+14,156963,9256118,0.3816
2016-02-01,179.9,181.95,181.95,172.1,172.9,172.75,175.47,22915269,4.02100728035e+14,159984,8090322,0.3531
2016-02-02,172.75,173.1,177.4,168.6,168.9,169.4,172.63,35957332,6.2073240382e+14,241010,7065437,0.1965
2016-02-03,169.4,167.8,167.8,163.25,166.85,166.05,165.82,24132003,4.00149207615e+14,196005,7595019,0.3147
2016-02-04,166.05,169.3,169.8,160.2,164.0,162.85,164.85,23811109,3.925151215e+14,145796,5207340,0.2187
2016-02-05,162.85,163.7,169.3,162.2,168.8,168.2,166.31,22732245,3.7806686012e+14,131919,7713016,0.3393
2016-02-08,168.2,169.45,176.9,168.55,171.4,172.15,173.81,22289005,3.8740168102e+14,166535,5007365,0.2247
2016-02-09,172.15,168.0,172.4,166.1,167.3,167.05,168.9,19008384,3.2106021361e+14,116605,2931677,0.1542
2016-02-10,167.05,165.0,166.2,158.0,159.0,159.0,161.79,32294785,5.22486503865e+14,189650,13222447,0.4094
2016-02-11,159.0,159.5,167.5,152.2,154.6,154.25,159.23,72749830,1.15842465022e+15,412974,13888236,0.1909
2016-02-12,154.25,156.15,157.65,148.25,154.45,154.8,152.21,41187889,6.2691366811e+14,259269,10036234,0.2437
2016-02-15,154.8,159.0,170.0,158.0,167.4,167.85,165.37,35956266,5.94600450395e+14,216295,9513571,0.2646
2016-02-16,167.85,170.75,170.75,155.65,156.35,156.4,161.86,33816243,5.4736345289e+14,198775,7858511,0.2324
2016-02-17,156.4,155.0,159.85,151.25,159.65,158.95,155.99,32447698,5.06159622585e+14,200965,5068204,0.1562
2016-02-18,158.95,161.95,163.7,156.4,159.0,159.8,160.01,21024178,3.36414057495e+14,130870,3551875,0.1689
2016-02-19,159.8,157.9,165.3,157.1,164.95,164.7,162.94,24592575,4.0070701455e+14,171593,6246258,0.254
2016-02-22,164.7,165.95,166.8,163.7,165.0,164.95,165.08,15815058,2.6107535318e+14,135649,4217430,0.2667
2016-02-23,164.95,165.0,165.0,158.0,158.6,158.5,160.42,20200068,3.24051286935e+14,134729,5202659,0.2576
2016-02-24,158.5,156.0,160.7,155.3,156.65,156.3,158.08,19440950,3.07319946265e+14,121891,4004709,0.206
2016-02-25,156.3,157.6,158.1,151.0,152.0,151.8,153.89,22713124,3.49535847855e+14,142201,7407606,0.3261
2016-02-26,151.8,155.5,158.7,152.55,157.0,155.9,155.78,30051402,4.681280158e+14,176437,7282242,0.2423
2016-02-29,155.9,158.2,163.9,153.0,159.45,158.75,159.44,66981910,1.06798904248e+15,373065,14012660,0.2092
2016-03-01,158.75,160.5,162.9,158.55,162.8,162.05,161.19,23588231,3.80226944365e+14,153474,6410530,0.2718
2016-03-02,162.05,172.5,183.2,172.5,182.4,181.15,177.82,53333757,9.4839647769e+14,288251,16432378,0.3081
2016-03-03,181.15,184.0,184.6,178.5,183.6,182.75,181.28,33507048,6.07417409385e+14,192218,6099812,0.182
2016-03-04,182.75,183.4,189.85,178.5,189.1,188.4,185.0,38860711,7.18941985465e+14,212758,6154362,0.1584
2016-03-08,188.4,186.95,186.95,181.4,183.1,183.35,184.19,27928279,5.144161623e+14,167308,7429060,0.266
2016-03-09,183.35,180.0,184.0,178.7,183.45,183.4,181.72,29453018,5.3521226437e+14,149605,9260103,0.3144
2016-03-10,183.4,184.75,184.75,179.4,180.35,180.5,181.51,20472928,3.7159719018e+14,111536,4857524,0.2373
2016-03-11,180.5,180.0,182.65,177.55,180.55,180.1,180.26,21869157,3.9422412564e+14,117055,5271999,0.2411
2016-03-14,180.1,182.45,183.4,180.7,181.7,181.75,181.8,14369755,2.6124241612e+14,90248,3518160,0.2448
2016-03-15,181.75,181.65,186.2,181.65,185.05,185.3,184.71,22369600,4.1319726807e+14,154226,6779447,0.3031
2016-03-16,185.3,185.0,185.9,181.6,185.6,185.2,184.15,19237834,3.54262083015e+14,107162,4673661,0.2429
2016-03-17,185.2,188.0,189.3,185.0,185.2,186.35,187.64,21560986,4.04564992965e+14,140622,6997724,0.3246
2016-03-18,186.35,186.85,192.0,186.0,191.5,191.25,189.06,21144216,3.99751114215e+14,134926,6611156,0.3127
2016-03-21,191.25,193.0,197.3,193.0,197.05,196.8,195.3,20678069,4.0385138535e+14,143523,6513731,0.315
2016-03-22,196.8,196.8,198.25,194.5,197.9,197.5,196.38,16728809,3.2851733294e+14,116859,3908068,0.2336
2016-03-23,197.5,196.9,197.6,195.3,196.25,196.6,196.39,13362780,2.6243289804e+14,79259,3499361,0.2619
2016-03-28,196.6,195.8,198.25,187.65,188.7,188.3,192.01,19760603,3.7943222765e+14,122344,7729975,0.3912
2016-03-29,188.3,188.5,191.25,186.65,189.3,189.5,189.51,16804848,3.1846117601e+14,97810,3973615,0.2365
2016-03-30,189.5,192.25,198.3,190.5,197.05,197.55,194.81,20709407,4.03442768815e+14,126461,4691725,0.2266
2016-03-31,197.55,197.85,198.75,192.35,194.0,194.25,195.64,30132473,5.894972138e+14,149396,12518461,0.4154
2016-04-01,194.25,193.7,197.25,192.0,195.25,195.65,195.16,21752206,4.2452592802e+14,115244,6555959,0.3014
2016-04-04,195.65,197.3,197.45,192.55,194.75,194.7,194.94,15732565,3.0668580735e+14,97228,4957251,0.3151
2016-04-05,194.7,193.9,194.55,183.3,183.75,184.35,189.13,36635637,6.9289842851e+14,225354,9409530,0.2568
2016-04-06,184.35,185.0,185.5,182.2,183.8,183.85,184.04,16350631,3.0091831532e+14,118379,3029153,0.1853
2016-04-07,183.85,183.8,185.65,181.0,182.0,181.95,183.24,19430601,3.5604359902e+14,128307,3728079,0.1919
2016-04-08,181.95,181.65,183.95,180.2,183.45,183.1,182.68,15805231,2.88735077435e+14,106622,3846954,0.2434
2016-04-11,183.1,183.85,188.9,182.0,188.45,188.25,185.17,18990364,3.5164135279e+14,106419,5162794,0.2719
2016-04-12,188.25,188.5,190.25,186.3,188.0,187.8,188.33,14563344,2.7426917019e+14,86118,3429723,0.2355
2016-04-13,187.8,191.55,193.8,190.8,191.35,191.9,192.18,17573045,3.3771059512e+14,112945,4692528,0.267
2016-04-18,191.9,191.45,191.5,185.6,186.55,186.75,187.49,13985439,2.62213324175e+14,100989,4213356,0.3013
2016-04-20,186.75,188.35,188.65,184.1,187.6,187.3,186.58,20163005,3.76201036425e+14,125867,5582860,0.2769
2016-04-21,187.3,190.5,197.4,190.0,193.5,194.35,194.77,31008152,6.0393599872e+14,157469,10222408,0.3297
2016-04-22,194.35,193.6,201.5,191.55,200.25,200.15,198.29,34049763,6.7518698858e+14,194929,9141444,0.2685
2016-04-25,200.15,200.95,202.55,195.8,197.35,197.05,199.38,23835613,4.7523963518e+14,135454,6226085,0.2612
2016-04-26,197.05,195.95,201.4,194.55,200.8,200.95,198.76,21809451,4.33481237515e+14,126638,4502133,0.2064
2016-04-27,200.95,200.9,200.9,195.5,196.05,196.15,197.97,22801603,4.51395217495e+14,118308,7808736,0.3425
2016-04-28,196.15,196.75,198.2,191.2,192.1,192.05,194.5,24555479,4.7760385821e+14,185568,10059264,0.4097
2016-04-29,192.05,191.9,194.0,186.45,188.9,189.0,190.12,21021661,3.99662365755e+14,134907,4406039,0.2096
2016-05-02,189.0,187.6,188.45,185.5,185.95,186.0,186.83,14469844,2.7033423963e+14,84815,3860773,0.2668
2016-05-03,186.0,187.0,189.35,183.65,183.9,184.05,186.56,16247931,3.03116227975e+14,92539,4008897,0.2467
2016-05-04,184.05,183.5,184.4,179.15,179.7,179.95,181.86,17826594,3.2419883881e+14,118748,4901295,0.2749
2016-05-05,179.95,180.25,182.7,178.5,180.65,180.35,180.48,17742028,3.2020365259e+14,129687,3447797,0.1943
2016-05-06,180.35,180.95,184.95,180.1,184.15,184.35,183.08,18336962,3.357150459e+14,99937,4510089,0.246
2016-05-09,184.35,186.5,189.4,185.05,188.7,188.7,187.21,13863696,2.59539326185e+14,76040,3198259,0.2307
2016-05-10,188.7,187.6,190.3,186.7,189.4,189.5,188.74,13845979,2.6132553861e+14,109702,4353655,0.3144
2016-05-11,189.5,185.4,188.5,184.1,185.15,185.0,186.54,18128414,3.38162479495e+14,94967,6402437,0.3532
2016-05-12,185.0,187.1,189.5,185.4,188.8,188.5,187.71,17398341,3.26588822185e+14,96170,4968527,0.2856
2016-05-13,188.5,187.95,187.95,184.3,184.9,184.85,185.29,15546644,2.8805810854e+14,65101,5538257,0.3562
2016-05-16,184.85,185.0,185.0,175.15,177.15,176.8,177.52,30937008,5.49195284645e+14,189216,12541213,0.4054
2016-05-17,176.8,178.5,178.6,175.25,177.1,176.85,176.78,22183140,3.92155967685e+14,114958,7445207,0.3356
2016-05-18,176.85,176.9,180.45,173.55,180.0,179.95,178.53,25345278,4.52481697715e+14,137843,6854944,0.2705
2016-05-19,179.95,181.0,181.0,171.9,172.45,172.7,175.82,25480517,4.4800185273e+14,133413,10347052,0.4061
2016-05-20,172.7,173.5,174.7,170.55,171.7,171.35,172.76,16720624,2.88865326685e+14,107822,4437666,0.2654
2016-05-23,171.35,172.3,172.7,168.2,168.45,168.4,169.83,16193112,2.7499959161e+14,99857,5094469,0.3146
2016-05-24,168.4,168.8,170.4,166.4,170.05,169.5,168.18,14816798,2.49188355065e+14,89086,4821757,0.3254
2016-05-25,169.5,171.5,175.8,171.45,174.75,175.1,173.83,18900887,3.2854472167e+14,103155,7722398,0.4086
2016-05-26,175.1,175.1,185.5,173.5,184.55,184.15,180.13,30700988,5.5302383909e+14,167461,12229884,0.3984
2016-05-27,184.15,184.0,202.4,181.5,201.3,195.9,189.38,85585820,1.62083964892e+15,447197,18274572,0.2135
2016-05-30,195.9,200.2,203.9,194.6,197.8,198.85,198.46,46075949,9.14430933525e+14,246811,14953723,0.3245
2016-05-31,198.85,198.8,205.7,196.2,205.3,204.95,201.54,39457647,7.9523887667e+14,227995,11774756,0.2984
2016-06-01,204.95,205.95,208.3,196.6,198.6,198.25,202.84,41868032,8.4926062101e+14,215016,10871586,0.2597
2016-06-02,198.25,197.85,202.3,195.55,200.6,200.55,199.11,23499884,4.67901494335e+14,157035,3621222,0.1541
2016-06-03,200.55,201.0,202.15,195.4,196.25,196.6,198.81,24568749,4.88454298165e+14,126039,4648593,0.1892
2016-06-06,196.6,197.45,202.6,197.1,198.75,198.9,199.55,23623536,4.71402865475e+14,132639,5880974,0.2489
2016-06-07,198.9,200.45,211.15,200.15,210.15,210.15,205.82,66063192,1.35972829946e+15,363240,18623978,0.2819
2016-06-08,210.15,210.15,211.9,207.55,209.9,210.7,210.28,35163093,7.39420830375e+14,191274,10519149,0.2992
2016-06-09,210.7,210.0,212.8,208.3,209.5,209.95,210.61,27858182,5.86721031885e+14,155374,6530703,0.2344
2016-06-10,209.95,209.35,211.5,205.3,206.1,205.95,208.39,25598224,5.3344146872e+14,138243,6059206,0.2367
2016-06-13,205.95,201.5,202.6,200.2,202.5,201.8,201.58,21192525,4.2720382924e+14,122783,5211906,0.2459
2016-06-14,201.8,204.35,208.6,203.8,208.2,207.7,205.99,23918910,4.92715149355e+14,129701,4916156,0.2055
2016-06-15,207.7,209.75,217.55,208.55,215.25,216.05,213.78,48362742,1.03389170564e+15,262445,8804444,0.1821
2016-06-16,216.05,216.0,218.5,213.05,215.15,216.0,215.77,48122379,1.03836042706e+15,285087,10889526,0.2263
2016-06-17,216.0,216.75,217.5,211.6,212.9,213.45,214.7,26486677,5.686609406e+14,178438,7332337,0.2768
2016-06-20,213.45,208.0,216.7,207.9,215.25,215.9,213.81,32633757,6.97729205e+14,175144,7768315,0.238
2016-06-21,215.9,215.0,217.5,213.15,213.5,214.0,215.39,18960306,4.08382193895e+14,130024,5087373,0.2683
2016-06-22,214.0,214.0,215.25,211.45,212.9,212.9,213.42,16395548,3.4991262989e+14,98467,3630782,0.2214
2016-06-23,212.9,213.0,218.0,212.75,217.8,217.55,215.84,20666649,4.4605880439e+14,125144,6492054,0.3141
2016-06-24,217.55,205.9,212.35,202.5,211.0,211.25,207.89,47224652,9.8173077605e+14,247777,10074190,0.2133
2016-06-27,211.25,210.8,218.85,210.55,216.8,217.15,216.3,29021651,6.2772383626e+14,159297,6765720,0.2331
2016-06-28,217.15,216.75,218.65,215.4,215.7,215.9,216.63,21784062,4.7189856219e+14,119038,7812921,0.3587
2016-06-29,215.9,217.9,218.8,216.1,217.3,217.2,217.43,18019568,3.9180600656e+14,88033,4227588,0.2346
2016-06-30,217.2,220.0,221.9,217.9,219.3,218.8,219.92,30600995,6.72975529745e+14,134433,8573520,0.2802
2016-07-01,218.8,220.8,221.0,218.9,219.2,219.6,219.93,15346865,3.3752710815e+14,76742,4010619,0.2613
2016-07-04,219.6,222.35,224.35,222.0,222.9,223.0,223.16,16534518,3.68984193915e+14,92943,3792823,0.2294
2016-07-05,223.0,223.25,225.15,221.55,223.0,223.5,223.72,15357018,3.4357291521e+14,102896,4498810,0.2929
2016-07-07,223.5,223.9,224.6,219.35,220.15,220.05,222.32,12917872,2.87183990045e+14,68075,4030925,0.312
2016-07-08,220.05,220.15,220.85,216.5,218.2,218.3,218.11,16017389,3.49362086475e+14,96813,5367678,0.3351
2016-07-11,218.3,223.6,225.45,222.0,224.5,224.7,223.59,15831791,3.53985552805e+14,82208,5654844,0.3572
2016-07-12,224.7,225.0,227.2,224.15,226.75,226.7,226.1,19374179,4.3804948185e+14,96849,7895882,0.4075
2016-07-13,226.7,227.0,228.5,223.95,226.75,227.7,226.83,18377333,4.1686191495e+14,102415,5491345,0.2988
2016-07-14,227.7,227.0,232.85,226.0,231.75,232.0,230.43,21208021,4.88695268405e+14,124475,5697439,0.2686
2016-07-15,232.0,232.9,234.4,230.8,231.0,231.5,232.42,15068302,3.50211329045e+14,80928,3992784,0.265
2016-07-18,231.5,232.4,233.85,228.2,228.6,228.75,231.31,11816985,2.73341227485e+14,74478,2809230,0.2377
2016-07-19,228.75,230.0,232.15,227.0,229.45,229.6,229.75,19767339,4.5414726353e+14,104305,5887813,0.2979
2016-07-20,229.6,230.65,232.75,229.2,230.85,231.15,231.32,18051608,4.175707922e+14,117048,7025409,0.3892
2016-07-21,231.15,231.65,232.1,224.4,224.8,225.65,228.81,13306837,3.04468472175e+14,67925,3657509,0.2749
2016-07-22,225.65,225.4,225.9,222.1,223.45,223.5,223.92,12341622,2.76358820625e+14,63031,3019454,0.2447
2016-07-25,223.5,223.0,231.0,222.7,229.6,229.9,228.36,18427070,4.20797468295e+14,101405,5910707,0.3208
2016-07-26,229.9,230.0,232.2,225.9,226.8,226.7,229.45,14162638,3.2496619996e+14,87233,4999906,0.353
2016-07-27,226.7,227.75,231.0,226.8,229.4,229.25,228.85,17626617,4.03379935705e+14,88800,6547726,0.3715
2016-07-28,229.25,230.15,235.15,229.3,230.2,231.0,232.13,26838284,6.22996670075e+14,134747,11330407,0.4222
2016-07-29,231.0,230.0,232.7,228.4,230.15,229.4,230.56,15577230,3.5914259808e+14,86038,5904691,0.3791
2016-08-01,229.4,230.8,232.65,225.3,227.75,227.3,228.31,16071228,3.6692467307e+14,84451,6622550,0.4121
2016-08-02,227.3,229.3,230.9,227.3,228.1,228.05,228.8,16145066,3.69391838255e+14,79842,6134616,0.38
2016-08-03,228.05,228.5,230.5,225.8,226.55,226.65,228.26,14838944,3.3871786762e+14,73601,6312310,0.4254
2016-08-04,226.65,228.45,228.7,223.2,226.2,225.65,225.75,17810908,4.02083129615e+14,86508,7884902,0.4427
2016-08-05,225.65,227.35,233.9,226.9,231.85,232.75,232.09,21264296,4.9352934561e+14,113047,8017919,0.3771
2016-08-08,232.75,233.95,235.9,231.7,232.65,233.25,233.54,16972827,3.96383878085e+14,79004,5892060,0.3471
2016-08-09,233.25,234.25,238.0,232.65,235.5,235.15,234.92,19854185,4.66408627265e+14,109330,5586660,0.2814
2016-08-10,235.15,236.75,236.9,231.05,231.25,231.5,232.96,16279843,3.79254407475e+14,88530,6296050,0.3867
2016-08-11,231.5,231.5,231.6,226.1,226.9,227.15,227.78,16673286,3.79784644365e+14,68150,6755104,0.4051
2016-08-12,227.15,227.0,247.95,224.4,243.6,243.3,240.56,86616475,2.0836727749e+15,458828,24769437,0.286
2016-08-16,243.3,245.25,247.9,242.65,246.2,246.75,245.15,27709873,6.79295733905e+14,135110,6723968,0.2427
2016-08-17,246.75,246.45,249.8,244.3,245.3,246.25,246.63,18294050,4.51194930905e+14,123640,2962279,0.1619
2016-08-18,246.25,246.9,250.4,246.55,248.2,248.4,248.77,14314950,3.56109409835e+14,82107,3773825,0.2636
2016-08-19,248.4,255.0,260.0,253.5,258.5,258.5,256.76,39822529,1.02249109546e+15,209689,11933585,0.2997
2016-08-22,258.5,259.8,260.4,254.0,254.15,254.8,256.81,19769886,5.0770603144e+14,140995,6913670,0.3497
2016-08-23,254.8,254.9,255.8,251.0,255.3,254.75,253.26,17583721,4.4533365578e+14,110480,5392781,0.3067
2016-08-24,254.75,254.95,256.2,253.5,254.15,254.4,254.58,11560293,2.9429944601e+14,90982,3132584,0.271
2016-08-25,254.4,254.9,255.55,248.6,249.5,250.15,251.92,21230706,5.3483576627e+14,107161,10496184,0.4944
2016-08-26,250.15,250.3,250.7,245.85,246.35,246.6,247.59,16531983,4.09311925715e+14,123619,7833851,0.4739
2016-08-29,246.6,245.85,249.85,244.25,249.45,249.05,246.94,11786129,2.9104664412e+14,105538,3560636,0.3021
2016-08-30,249.05,250.15,252.9,249.8,252.2,252.25,251.7,15323228,3.8568781505e+14,99667,6747330,0.4403
2016-08-31,252.25,253.25,255.8,251.2,251.6,252.5,253.82,15601566,3.95991685545e+14,138866,6348836,0.4069
2016-09-01,252.5,251.95,254.85,251.15,252.05,252.0,253.1,12175873,3.08166369435e+14,87242,4841499,0.3976
2016-09-02,252.0,252.0,255.2,251.65,254.6,254.6,253.69,11380257,2.88705800755e+14,96886,4548384,0.3997
2016-09-06,254.6,257.2,261.5,256.0,261.3,260.1,258.83,16620963,4.3020657062e+14,159177,8417509,0.5064
2016-09-07,260.1,262.9,270.3,260.4,267.0,266.8,266.14,30862337,8.213706214e+14,164647,12072931,0.3912
2016-09-08,266.8,268.0,271.6,266.9,267.8,268.35,269.03,14339143,3.8576396737e+14,79489,4554367,0.3176
2016-09-09,268.35,268.4,268.4,263.35,263.7,264.1,265.2,11455826,3.0381322351e+14,65770,3558542,0.3106
2016-09-12,264.1,257.5,258.75,251.8,253.65,252.75,254.85,18989750,4.8394452171e+14,115272,7725813,0.4068
2016-09-14,252.75,255.0,258.0,253.0,257.65,257.55,256.1,12754966,3.2665758875e+14,77074,4507920,0.3534
2016-09-15,257.55,258.35,258.35,254.2,256.35,256.0,255.84,7783662,1.99140736065e+14,56689,1839833,0.2364
2016-09-16,256.0,257.95,262.0,253.4,255.2,254.3,257.69,18013477,4.64196799775e+14,109581,7860169,0.4363
2016-09-19,254.3,256.0,258.3,255.2,255.6,255.65,256.3,11433295,2.9303190841e+14,66390,4088895,0.3576
2016-09-20,255.65,256.4,256.4,253.65,253.85,254.45,254.84,9914599,2.52663841515e+14,74224,4170709,0.4207
2016-09-21,254.45,254.5,256.25,250.65,251.6,251.15,253.32,12817180,3.2468004526e+14,94441,5709914,0.4455
2016-09-22,251.15,257.9,258.45,255.1,257.9,257.9,256.74,20797370,5.33956200455e+14,116332,10720246,0.5155
2016-09-23,257.9,258.8,258.8,253.8,254.25,254.55,256.61,12730223,3.2666398422e+14,72436,5580214,0.4383
2016-09-26,254.55,253.95,254.45,250.65,251.9,251.65,252.38,8800173,2.2210285469e+14,60654,2685917,0.3052
2016-09-27,251.65,253.15,253.9,248.3,248.85,249.0,250.72,11345387,2.84454751905e+14,68190,4760497,0.4196
2016-09-28,249.0,250.0,255.8,248.05,254.0,253.75,253.17,17277539,4.37420727975e+14,82646,6685102,0.3869
2016-09-29,253.75,255.0,256.75,243.5,249.0,247.25,249.18,27870695,6.9449580736e+14,120912,12868818,0.4617
2016-09-30,247.25,246.85,252.5,245.8,252.0,251.25,249.88,14826293,3.70481787915e+14,105590,5136844,0.3465
2016-10-03,251.25,253.0,256.65,252.65,255.1,255.3,255.23,9314647,2.3774181291e+14,74160,3403117,0.3654
2016-10-04,255.3,255.8,262.0,253.8,261.0,259.75,257.53,21532806,5.54544464205e+14,117839,6172659,0.2867
2016-10-05,259.75,262.0,264.9,259.55,260.0,260.85,262.58,20868556,5.47961409215e+14,133186,9608356,0.4604
2016-10-06,260.85,261.35,262.0,255.65,257.25,256.8,259.03,11081154,2.87037587575e+14,70681,2388442,0.2155
2016-10-07,256.8,257.25,259.9,255.25,258.05,258.7,257.4,11934100,3.0718113248e+14,72975,3440378,0.2883
2016-10-10,258.7,259.35,260.3,256.05,256.65,256.6,257.85,9399844,2.42370802475e+14,71528,3297928,0.3508
2016-10-13,256.6,254.95,255.35,245.85,249.95,249.65,250.18,18050638,4.51592215215e+14,127024,8947593,0.4957
2016-10-14,249.65,251.0,253.55,249.1,252.05,252.1,251.98,12133951,3.05745242985e+14,79275,4664585,0.3844
2016-10-17,252.1,253.75,256.45,252.0,253.0,253.2,254.06,16865537,4.2847851567e+14,89069,7544530,0.4473
2016-10-18,253.2,254.9,257.7,253.8,256.9,256.9,255.36,20218355,5.16294058155e+14,167023,10419888,0.5154
2016-10-19,256.9,258.0,258.0,254.85,255.3,255.4,255.84,9546481,2.44235836955e+14,53487,3509132,0.3676
2016-10-20,255.4,255.7,260.9,255.3,260.1,260.2,259.24,14179531,3.6759511159e+14,100640,5105306,0.36
2016-10-21,260.2,259.75,259.75,256.1,259.2,258.5,257.63,8833390,2.2757146787e+14,51999,2578291,0.2919
2016-10-24,258.5,259.3,264.9,259.3,262.8,262.95,263.27,14483254,3.8130575765e+14,112379,5944535,0.4104
2016-10-25,262.95,264.0,264.55,260.75,261.5,261.45,262.07,9079178,2.37935646555e+14,60368,3539616,0.3899
2016-10-26,261.45,260.4,264.85,256.8,257.0,258.75,260.6,15020687,3.9143753663e+14,94833,6029383,0.4014
2016-10-27,258.75,258.0,258.1,254.3,255.95,255.4,255.63,10938008,2.7961083187e+14,61468,3784455,0.346
2016-10-28,255.4,255.9,258.8,254.0,258.5,258.0,257.09,11430184,2.9385850276e+14,64130,5088423,0.4452
2016-10-30,258.0,258.9,260.0,256.6,257.0,257.6,258.16,2107882,5.4416678805e+13,20579,749475,0.3556
2016-11-01,257.6,257.0,260.9,256.5,259.4,258.95,259.08,10000632,2.590999971e+14,73664,4054341,0.4054
2016-11-02,258.95,254.1,256.0,250.55,251.0,251.05,252.01,13716294,3.456634727e+14,90831,5847750,0.4263
2016-11-03,251.05,251.15,252.8,244.85,245.55,245.65,248.28,12902390,3.2034166545e+14,84500,5002910,0.3878
2016-11-04,245.65,246.25,247.4,240.3,243.1,242.85,243.39,12657669,3.08079689995e+14,92496,3573880,0.2823
2016-11-07,242.85,248.0,253.9,245.5,252.15,252.7,250.37,11224419,2.8102854675e+14,83543,3311423,0.295
2016-11-08,252.7,253.7,254.1,248.65,252.75,252.65,251.37,9367228,2.35462021395e+14,74127,2522297,0.2693
2016-11-09,252.65,235.0,261.05,235.0,260.8,260.0,251.04,31761606,7.9735469016e+14,185517,8434624,0.2656
2016-11-10,260.0,267.0,284.2,265.25,281.35,281.3,277.76,50227559,1.39512784936e+15,316412,14611697,0.2909
2016-11-11,281.3,278.75,288.8,270.5,273.95,273.0,277.84,57937113,1.60970548546e+15,312701,11466984,0.1979
2016-11-15,273.0,275.15,283.45,270.7,278.0,278.2,277.97,48658808,1.35259133822e+15,246681,18007985,0.3701
2016-11-16,278.2,284.0,284.8,276.15,277.65,277.2,278.73,27532708,7.67414033705e+14,158917,10888066,0.3955
2016-11-17,277.2,278.0,282.2,275.6,278.7,277.45,279.38,19500760,5.4481201793e+14,134965,6431249,0.3298
2016-11-18,277.45,278.15,280.0,274.85,275.7,275.8,277.0,13389671,3.70889442235e+14,92856,3127828,0.2336
2016-11-21,275.8,277.15,277.6,255.85,258.5,257.35,264.47,26002028,6.8768206605e+14,161274,7295729,0.2806
2016-11-22,257.35,260.8,262.65,251.15,258.0,257.35,256.19,25631435,6.56654290745e+14,154347,4480233,0.1748
2016-11-23,257.35,259.8,260.35,254.75,258.05,258.65,257.72,16190033,4.17252447935e+14,116885,3815989,0.2357
2016-11-24,258.65,257.8,263.0,254.55,261.8,261.75,260.61,28927720,7.53885028505e+14,141790,11174382,0.3863
2016-11-25,261.75,263.5,264.5,258.35,260.85,260.95,261.08,19303589,5.03972827405e+14,142066,7194233,0.3727
2016-11-28,260.95,253.45,257.75,248.0,254.05,253.55,254.63,22315183,5.68218407695e+14,184333,6951546,0.3115
2016-11-29,253.55,254.25,256.5,252.0,253.15,252.7,254.52,12656706,3.2213706359e+14,109264,3910411,0.309
2016-11-30,252.7,254.0,260.15,252.7,257.85,258.35,256.7,16501691,4.2359231088e+14,131822,5197713,0.315
2016-12-01,258.35,259.65,261.0,254.65,256.4,255.65,257.1,12986151,3.3387639515e+14,79046,2873913,0.2213
2016-12-02,255.65,253.95,261.4,253.0,254.1,254.1,255.89,21139754,5.40939861045e+14,136950,5031421,0.238
2016-12-05,254.1,254.4,257.8,253.2,257.7,256.9,255.82,8406973,2.15063427505e+14,68237,1597438,0.19
2016-12-06,256.9,258.5,260.15,256.35,259.7,259.1,258.64,10048459,2.59890552955e+14,72559,2212103,0.2201
2016-12-07,259.1,260.35,262.75,251.65,256.35,255.6,258.19,22193202,5.7301584918e+14,141042,5391202,0.2429
2016-12-08,255.6,258.45,260.5,258.05,259.9,259.9,259.38,9047721,2.34677445625e+14,66714,2098509,0.2319
2016-12-09,259.9,260.8,267.2,258.8,266.6,266.65,264.21,16004173,4.2284571805e+14,103824,5188994,0.3242
2016-12-12,266.65,268.9,269.35,262.3,264.0,263.65,266.17,14296268,3.8052174986e+14,99034,4000048,0.2798
2016-12-13,263.65,264.9,266.75,261.55,266.05,266.15,264.38,9084137,2.4016482997e+14,67769,2460029,0.2708
2016-12-14,266.15,266.0,266.25,262.3,263.0,262.9,263.86,8672531,2.28833446065e+14,81547,3157637,0.3641
2016-12-15,262.9,259.9,267.5,259.0,265.35,265.4,264.98,12274497,3.2524887383e+14,83448,2382553,0.1941
2016-12-16,265.4,266.35,266.35,263.05,265.2,264.75,264.65,11017555,2.9157494873e+14,83837,4944483,0.4488
2016-12-19,264.75,263.35,264.5,260.85,261.3,261.35,262.48,8371299,2.19729372745e+14,57083,3315890,0.3961
2016-12-20,261.35,261.85,262.9,253.25,255.05,254.55,256.17,12765309,3.2701191025e+14,78439,3594514,0.2816
2016-12-21,254.55,256.1,258.0,254.1,254.6,255.35,256.1,8778450,2.2481474637e+14,66671,1805197,0.2056
2016-12-22,255.35,254.25,254.25,248.35,249.8,249.8,250.45,12981595,3.25123440675e+14,103305,4672099,0.3599
2016-12-23,249.8,249.75,251.8,247.8,249.0,249.15,249.85,10557157,2.6377275072e+14,82528,2644628,0.2505
2016-12-26,249.15,248.0,248.3,243.6,243.95,244.2,245.38,8592983,2.1085092556e+14,70388,2745424,0.3195
2016-12-27,244.2,244.6,249.95,243.1,248.6,248.75,245.62,8756536,2.15078105695e+14,79734,2124865,0.2427
2016-12-28,248.75,249.25,252.5,247.15,247.6,247.75,249.42,11747088,2.9299951634e+14,83042,3329930,0.2835
2016-12-29,247.75,247.65,248.85,245.5,247.2,247.65,247.45,10658616,2.6374351269e+14,69581,4540842,0.426
2016-12-30,247.65,247.75,252.3,247.25,250.3,250.2,250.58,10538497,2.6407498593e+14,91141,3293706,0.3125
2017-01-02,250.2,252.5,253.65,242.6,243.55,243.6,244.8,25988990,6.36216836875e+14,164268,12078409,0.4648
2017-01-03,243.6,244.0,246.4,241.1,244.9,244.9,244.54,15963085,3.9035557992e+14,112537,4370526,0.2738
2017-01-04,244.9,245.8,246.4,242.2,243.2,242.9,243.96,11225978,2.73865055015e+14,91672,3632352,0.3236
2017-01-05,242.9,245.0,245.9,243.7,245.5,245.35,244.94,11970913,2.93220948965e+14,88254,4511456,0.3769
2017-01-06,245.35,246.0,249.0,245.5,246.05,245.9,247.1,12354302,3.0527140763e+14,75839,3393716,0.2747
2017-01-09,245.9,246.4,248.35,246.0,246.7,247.05,247.09,8329253,2.0580772491e+14,96852,2615006,0.314
2017-01-10,247.05,247.7,249.0,246.4,248.9,248.3,247.64,9352013,2.31592686815e+14,61592,3888157,0.4158
2017-01-11,248.3,249.65,253.2,249.0,251.7,252.15,251.31,13415303,3.37136258725e+14,88947,4496383,0.3352
2017-01-12,252.15,252.9,254.45,250.55,251.15,251.25,252.31,11282323,2.8466907121e+14,79782,3565007,0.316
2017-01-13,251.25,252.0,252.6,249.1,251.0,250.9,250.86,9333736,2.34150304275e+14,61618,2870258,0.3075
2017-01-16,250.9,251.05,256.4,250.7,256.4,255.75,254.48,13234727,3.36798875265e+14,103243,6268943,0.4737
2017-01-17,255.75,257.45,258.65,254.4,255.9,256.0,256.89,9480201,2.4354032985e+14,78812,2606666,0.275
2017-01-18,256.0,257.1,259.3,256.6,258.3,258.35,258.06,8048897,2.0771005563e+14,67626,2556065,0.3176
2017-01-19,258.35,257.2,262.0,256.5,258.05,258.4,259.16,13029151,3.3766413766e+14,90954,4631679,0.3555
2017-01-20,258.4,258.5,260.5,250.3,251.2,251.05,254.94,15341756,3.9112667925e+14,130482,5848512,0.3812
2017-01-23,251.05,251.0,255.2,250.1,254.8,254.15,253.65,9339939,2.369079645e+14,68661,3291451,0.3524
2017-01-24,254.15,255.1,257.0,254.0,254.6,254.9,255.53,13540202,3.45995378885e+14,67944,6203676,0.4582
2017-01-25,254.9,255.55,261.0,254.2,259.85,259.2,256.69,16343545,4.1951602802e+14,100850,9274609,0.5675
2017-01-27,259.2,260.3,268.2,259.5,266.5,266.45,264.82,18039379,4.77727142235e+14,141762,6528038,0.3619
2017-01-30,266.45,265.85,267.9,263.4,263.85,263.95,265.55,11884795,3.1559514804e+14,81433,4484109,0.3773
2017-01-31,263.95,261.15,263.85,259.65,260.0,260.35,261.37,8899165,2.32594962315e+14,58875,3298704,0.3707
2017-02-01,260.35,262.0,271.9,261.6,271.4,270.7,267.29,27253142,7.2845392349e+14,162896,8648465,0.3173
2017-02-02,270.7,271.85,275.0,268.7,272.75,273.3,272.45,20139955,5.4870697912e+14,115076,6787511,0.337
2017-02-03,273.3,273.0,278.55,272.0,278.1,277.55,276.42,15366890,4.2477161046e+14,96972,5823909,0.379
2017-02-06,277.55,280.0,282.5,276.0,276.55,277.05,279.46,14725291,4.1151064225e+14,86870,4007676,0.2722
2017-02-07,277.05,277.85,280.0,276.3,277.6,277.9,278.05,10981984,3.0535536868e+14,71911,3158033,0.2876
2017-02-08,277.9,278.1,279.25,272.6,278.7,277.2,276.47,13622088,3.76610356095e+14,80900,4651632,0.3415
2017-02-09,277.2,278.8,280.3,270.85,276.1,275.85,275.19,16080181,4.42509445925e+14,103265,4702318,0.2924
2017-02-10,275.85,278.75,282.8,275.0,275.2,276.35,279.51,37580487,1.05042772486e+15,229689,7610992,0.2025
2017-02-13,276.35,277.8,278.25,270.2,271.5,271.65,272.68,19853043,5.4134645006e+14,131249,7859215,0.3959
2017-02-14,271.65,272.0,273.0,268.1,269.6,270.2,270.61,13306738,3.60097649635e+14,80457,4723961,0.355
2017-02-15,270.2,270.95,272.5,267.05,269.3,268.95,269.35,12201568,3.28655125485e+14,84751,4131482,0.3386
2017-02-16,268.95,277.0,277.0,269.65,270.4,270.5,271.89,21794688,5.9258603178e+14,128472,6441114,0.2955
2017-02-17,270.5,271.15,273.65,267.7,269.5,269.35,269.75,17830528,4.8097368578e+14,124751,7500497,0.4207
2017-02-20,269.35,269.9,271.55,268.0,269.5,269.65,269.51,9229363,2.4874378339e+14,57805,3475091,0.3765
2017-02-21,269.65,270.0,271.5,268.65,270.75,270.7,270.13,7754157,2.09465256815e+14,80298,2664456,0.3436
2017-02-22,270.7,271.9,274.7,269.5,271.7,272.3,272.59,12617613,3.43948657985e+14,112129,4806179,0.3809
2017-02-23,272.3,271.7,273.0,269.6,270.5,270.45,271.29,13146194,3.56648278575e+14,84162,7243813,0.551
2017-02-27,270.45,270.8,271.45,267.6,268.2,268.25,269.02,9645350,2.5947915993e+14,68463,4606438,0.4776
2017-02-28,268.25,268.9,271.25,268.0,269.0,269.2,269.49,7941592,2.14020476875e+14,65573,2816662,0.3547
2017-03-01,269.2,270.0,273.3,269.8,271.7,271.75,271.94,7656892,2.0822321235e+14,58629,2004506,0.2618
2017-03-02,271.75,273.0,274.7,266.5,267.2,267.3,270.99,14220808,3.8537494979e+14,80696,4596797,0.3232
2017-03-03,267.3,266.25,268.9,264.25,265.55,265.05,265.78,10120034,2.6896951259e+14,75478,3907290,0.3861
2017-03-06,265.05,266.6,270.35,266.35,270.2,269.85,268.37,9515073,2.55357550345e+14,63033,3982426,0.4185
2017-03-07,269.85,270.8,270.9,266.4,267.7,267.8,267.78,11599142,3.10606585595e+14,65023,6347327,0.5472
2017-03-08,267.8,267.8,270.3,266.0,270.05,269.9,268.62,9122987,2.4506449172e+14,65561,3081623,0.3378
2017-03-09,269.9,269.0,273.9,268.4,273.15,273.25,272.15,15594429,4.2440864256e+14,95804,7576329,0.4858
2017-03-10,273.25,274.5,275.55,269.5,271.9,272.05,272.67,9557026,2.6059205712e+14,77178,3246642,0.3397
2017-03-14,272.05,278.4,278.4,273.8,274.75,274.65,275.43,15734886,4.3339276972e+14,108786,7747107,0.4924
2017-03-15,274.65,272.65,280.5,272.65,276.55,277.35,277.95,20055974,5.57454941665e+14,127137,9841167,0.4907
2017-03-16,277.35,278.0,280.2,276.05,279.05,279.3,278.38,18005184,5.0122268525e+14,139878,8827321,0.4903
2017-03-17,279.3,279.45,279.5,273.5,274.0,274.15,275.1,14265642,3.92449483925e+14,95520,7240757,0.5076
2017-03-20,274.15,274.75,274.75,271.8,273.9,273.9,273.41,9678185,2.64606587085e+14,71526,4612235,0.4766
2017-03-21,273.9,274.4,277.05,270.15,272.75,272.35,273.52,11898233,3.25439584095e+14,72969,4944113,0.4155
2017-03-22,272.35,270.3,271.0,266.8,267.75,267.5,268.74,9887203,2.6571096555e+14,97564,4670186,0.4723
2017-03-23,267.5,269.0,269.4,266.7,268.65,268.5,268.14,7998170,2.1446476069e+14,77028,4061076,0.5078
2017-03-24,268.5,269.5,278.95,268.65,275.95,276.5,275.33,20133467,5.5432614121e+14,135209,8243224,0.4094
2017-03-27,276.5,276.0,280.8,275.2,278.9,279.45,278.73,15966114,4.45023693475e+14,103411,5464685,0.3423
2017-03-28,279.45,280.65,282.9,278.5,282.2,282.1,280.87,18673371,5.24484924775e+14,89603,10584347,0.5668
2017-03-29,282.1,283.15,289.9,283.15,288.7,288.45,287.1,31008407,8.9023629468e+14,160418,16769893,0.5408
2017-03-30,288.45,289.0,293.75,288.85,291.4,291.05,291.33,19683170,5.73434014245e+14,111949,7306917,0.3712
2017-03-31,291.05,292.0,295.0,288.5,293.3,293.4,292.77,20185269,5.9097209501e+14,121335,6436380,0.3189
2017-04-03,293.4,294.8,295.7,292.2,293.4,293.15,293.83,10509610,3.0880472473e+14,63796,3224137,0.3068
2017-04-05,293.15,293.3,298.75,289.65,297.0,297.35,294.71,21936647,6.46501848685e+14,143045,9434760,0.4301
2017-04-06,297.35,295.45,297.55,291.45,292.25,292.85,294.35,18413111,5.41986968645e+14,90051,6325489,0.3435
2017-04-07,292.85,291.7,294.8,287.65,288.3,289.45,292.04,10765502,3.14391604945e+14,67483,3287133,0.3053
2017-04-10,289.45,289.8,290.35,286.55,290.0,289.35,288.81,10307875,2.97705746435e+14,95079,3192927,0.3098
2017-04-11,289.35,289.3,295.15,288.8,294.3,294.5,292.69,11682024,3.41923356165e+14,93318,4281388,0.3665
2017-04-12,294.5,294.0,295.45,289.1,290.25,290.15,291.41,13251421,3.86157285865e+14,88924,4725911,0.3566
2017-04-13,290.15,290.25,293.1,290.0,292.0,291.55,291.41,9944020,2.8977688749e+14,73697,3191327,0.3209
2017-04-17,291.55,291.1,292.75,288.5,290.2,289.9,289.82,8146800,2.3611073159e+14,70366,2782552,0.3416
2017-04-18,289.9,291.05,296.9,288.4,291.55,290.3,293.26,13457050,3.94637259345e+14,112786,3933986,0.2923
2017-04-19,290.3,291.55,291.75,282.9,284.9,284.05,286.36,18149995,5.19741403825e+14,106330,8414421,0.4636
2017-04-20,284.05,283.9,286.9,282.2,284.85,284.8,284.5,14514929,4.12948745845e+14,134919,5768064,0.3974
2017-04-21,284.8,287.0,287.0,279.25,282.4,282.2,282.73,12042308,3.40470469565e+14,90196,3890947,0.3231
2017-04-24,282.2,283.25,287.85,280.9,286.05,286.05,284.64,10077853,2.86859139655e+14,89547,3206400,0.3182
2017-04-25,286.05,287.5,288.8,285.0,285.9,286.05,286.69,11531902,3.3061255551e+14,146257,5021274,0.4354
2017-04-26,286.05,287.1,289.5,283.35,285.75,286.45,287.17,13836891,3.97350244405e+14,124870,5730697,0.4142
2017-04-27,286.45,286.45,287.95,281.05,282.9,282.05,283.58,22622372,6.41524824995e+14,119362,13404034,0.5925
2017-04-28,282.05,283.0,290.75,282.5,289.4,289.75,286.8,14152004,4.0587729254e+14,86994,4940261,0.3491
2017-05-02,289.75,290.25,292.5,287.1,288.35,288.3,289.61,9754789,2.82504235615e+14,79720,3226892,0.3308
2017-05-03,288.3,289.4,293.2,285.8,289.4,289.8,289.52,13950914,4.03903143655e+14,86140,4756276,0.3409
2017-05-04,289.8,294.0,300.0,293.1,299.8,299.05,296.49,24534923,7.2743854827e+14,141660,7644530,0.3116
2017-05-05,299.05,301.0,304.9,292.15,295.95,296.0,299.21,34756331,1.03993398477e+15,192131,9028419,0.2598
2017-05-08,296.0,296.1,300.75,293.9,298.8,299.4,298.68,11560550,3.45285311985e+14,87129,3497415,0.3025
2017-05-09,299.4,300.9,300.9,295.25,296.4,296.5,297.18,7843574,2.3309602766e+14,52271,1619122,0.2064
2017-05-10,296.5,297.0,298.15,293.0,294.85,294.45,295.51,8699405,2.57074967645e+14,54706,2414488,0.2775
